,Unnamed: 0,sentence,label
0,0,"Instead, I would like to address a separate but not unrelated topic, the interaction of bank supervision and regulation with monetary policy, and how supervision and regulation might work to make monetary policy implementation more effective in the current environment, particularly as it relates to a bank's demand for reserves.2 But first, let me start with a brief take on the current economic outlook.","This sentence is neutral because it does not express any personal opinion, judgement, or bias towards US monetary policy. It simply discusses the topic in an objective and factual manner."
1,1,"Inflation continued to run below the Committee's longer-run objective, held down in part by the effects of declines in energy and non-energy import prices.","This sentence is dovish because it suggests a preference for lower interest rates to stimulate economic growth, as inflation is below the target and there are downward pressures on prices."
2,2,"It isn’t really just targeting the headline numbers, but it’s about taking all of those things into account in your thinking about what constitutes maximum employment.","This sentence is neutral because it doesn't express any personal opinion, judgement or bias towards US monetary policy. It simply describes a process of considering various factors in determining maximum employment."
3,3,"At some point, continued large-scale trade deficits could trigger equilibrating, and possibly dislocating, changes in prices, interest rates, and exchange rates.","This sentence is hawkish because it suggests a potential increase in interest rates and changes in prices and exchange rates to balance out trade deficits, which are measures typically associated with a tighter monetary policy."
4,4,"Moreover, the staff still judged that the risks to the forecast for real GDP growth were tilted to the downside, with a corresponding skew to the upside for the unemployment rate.","This sentence is dovish because it suggests a pessimistic outlook for economic growth (GDP) and an increase in unemployment, implying a preference for lower interest rates to stimulate the economy."
5,5,"Based on historical experience, it seems improbable that all of the large rise in multifactor productivity could be attributed to cyclical or transitory factors.","This sentence is dovish because it suggests that the rise in productivity is not just a temporary phenomenon, implying that there is no immediate need for tighter monetary policy to curb inflation."
6,6,We have long said that the size of the balance sheet will be considered normalized when the balance sheet is once again at the smallest level consistent with conducting monetary policy efficiently and effectively.,"This sentence is neutral because it does not express any opinion or judgement about US monetary policy. Instead, it simply states a fact about the conditions under which the balance sheet will be considered normalized."
7,7,These decisions can then push up prices even more and make inflation harder to get under control.,"This sentence is hawkish because it suggests a concern about rising inflation and the need for tighter monetary policy to keep it under control, which is a characteristic of a hawkish stance."
8,8,They continued to expect that inflation would move up toward the Committee's 2 percent objective over the medium term as the effects of these transitory factors waned and conditions in the labor market improved further.,This sentence is neutral because it simply reports expectations about inflation and labor market conditions without expressing approval or disapproval of the monetary policy causing these effects.
9,9,"Financial markets seem to think the sameâ€”5-year breakeven inflation expectations are around 2.5 percent, and 5-year, 5-year-forward measures are around 2 percent, when adjusted for the difference between CPI (consumer price index) and PCE (personal consumption expenditures) inflation rates.6 Hence, markets do not believe the current factors pushing up inflation will last for long.","This sentence is neutral because it simply presents factual information about financial market expectations regarding inflation, without expressing any personal opinion or advocating for any particular monetary policy."
10,10,"For a variety of reasons, oil prices already had risen appreciably since the start of the year.",This sentence is hawkish because rising oil prices can lead to inflation. A hawkish stance on monetary policy supports higher interest rates to keep inflation in check.
11,11,"Inflation has declined further below our longer-run objective, largely reflecting the lower energy prices I just mentioned.","This sentence is dovish because it suggests a preference for lower interest rates to stimulate economic growth, as the speaker perceives inflation to be too low, which is often a reason to maintain or reduce interest rates."
12,12,"Certainly, if we are to remain preeminent in transforming knowledge into economic value, the U.S. system of higher education must remain the world's leader in generating scientific and technological breakthroughs and in preparing workers to meet the evolving demands for skilled labor.","This sentence is neutral because it does not express a positive or negative opinion about US monetary policy, but rather discusses the importance of education and technological advancements for economic value."
13,13,"There’s a lot more demand for risk sharing, for liquidity services, and so on.","This sentence is neutral because it does not express any opinion, positive or negative, about US monetary policy. It simply states a fact about the demand for certain financial services."
14,14,"Those few members who expressed a preference for easing at this meeting believed that, with unit labor costs and inflation expectations contained, enough evidence of further weakness already existed to warrant an immediate action.","This sentence is dovish because it suggests a preference for easing monetary policy, which typically involves lowering interest rates to stimulate economic growth, indicating a less aggressive stance on inflation."
15,15,"The Survey of Market Participants conducted by the Federal Reserve Bank of New York indicates a shift in expectations following the release of the new monetary policy framework.17 The median expected rate of unemployment at the time of liftoff moved down from 4.5 percent in the July survey, before the release of the framework, to 4.0 percent in the September and subsequent surveys, following the release of the new framework.","This sentence is neutral because it simply reports factual information about a survey and its results, without expressing any personal opinion, endorsement, or criticism of the US monetary policy."
16,16,"Nonetheless, the risks to the forecast for real GDP growth were viewed as tilted a little to the downside, especially because the economy was not well positioned to withstand adverse shocks while the target for the federal funds rate was at its effective lower bound.","This sentence is dovish because it suggests a cautious approach to monetary policy, emphasizing potential risks to GDP growth and the economy's vulnerability to shocks, implying a preference for lower interest rates."
17,17,"The first round of the three-month U. S. dollar auctions that major foreign central banks announced on September 15 was held in October; demand was quite limited, and only the European Central Bank (ECB) drew on its swap line with the Federal Reserve.","This sentence is hawkish because it indicates a limited demand for U.S. dollars, suggesting that foreign central banks are not seeking to increase their dollar reserves, which could lead to tighter monetary policy."
18,18,"Nevertheless, most participants agreed that, although the level of inventories of unsold homes that homebuilders desired was uncertain, the correction of the housing sector was likely to continue to weigh heavily on economic activity through most of this year--somewhat longer than previously expected.",This sentence is neutral because it simply reports on the consensus of a group of participants without expressing any personal opinion or bias towards US monetary policy. It presents factual information about the housing sector's impact on economic activity.
19,19,Risks to the inflation projection also were seen as balanced.,"This sentence is neutral because it does not express a positive or negative opinion about US monetary policy. It simply states that the risks to the inflation projection are balanced, without advocating for or criticizing any specific policy measures."
20,20,"Fischer, Sahay, and Vegh (2002) present evidence of a strong correlation between fiscal deficits and money creation in high-inflation economies.","This sentence is neutral because it simply presents a factual statement about a study's findings without expressing any personal opinion, endorsement, or criticism of US monetary policy."
21,21,The significant decreases that had occurred in the prices of fuel oil and gasoline were a positive factor that would continue to bolster household spending for a while.,"This sentence is neutral because it simply states a fact about the impact of decreased fuel prices on household spending, without expressing any judgment or opinion on US monetary policy."
22,22,The high oil prices would themselves cut into demand growth and tend to stabilize the system.,"This sentence is hawkish because it suggests that high oil prices, which can lead to inflation, would naturally regulate demand growth, implying a preference for tighter monetary policy to control inflation."
23,23,"However, the historical record suggests that permanently lowering inflation expectations may require keeping monetary policy tight for a substantial period, resulting in considerable output and employment losses for a time.","This sentence is hawkish because it advocates for a tight monetary policy, which involves higher interest rates and reduced spending, to lower inflation expectations, despite potential short-term economic losses."
24,24,"There is, in fact, an unusual discrepancy between the unemployment and capacity utilization rates, compared to previous expansions; that is, the capacity utilization rate is lower than would have been expected, based on past experience, at the prevailing unemployment rate.","This sentence is dovish because it suggests that despite low unemployment, there is still unused economic capacity, implying that there is room for monetary policy to stimulate further growth without causing inflation."
25,25,A number of participants stressed that recently enacted fiscal support would help address some of the hardships faced by these groups and that monetary policy would also help by promoting the economy's return to the Committee's goals of broad-based and inclusive maximum employment and price stability.,"This sentence is dovish because it suggests a preference for policies that stimulate economic growth and employment, even at the risk of higher inflation, which is a characteristic of a dovish monetary policy stance."
26,26,"The members viewed the outlook for core price inflation as still quite benign, largely reflecting the ample availability of labor and other producer resources to accommodate rising economic activity and the favorable prospects for further robust growth in productivity.","This sentence is neutral because it simply presents an observation of the current economic situation and future prospects without expressing any personal opinion, approval, or disapproval of the US monetary policy."
27,27,"While a number of members saw some slight further disinflation as the most plausible outcome, no one expected a material change in inflation.",This sentence is neutral because it simply reports differing views on future inflation without taking a stance or expressing a preference for one outcome over the other.
28,28,"Consumer prices had edged up in recent months, but year-over-year consumer inflation remained at a very low level.","This sentence is dovish because it suggests that inflation is not a significant concern, implying that there is no urgent need to raise interest rates to curb inflation."
29,29,"Moreover, many members saw some risk that an easing move at this point might trigger a strong further advance in stock market prices that would not be justified on the basis of likely future earnings and could therefore lead to a relatively sharp and disruptive market adjustment later.","This sentence is neutral because it neither supports nor criticizes the idea of an easing move in US monetary policy, but rather presents a potential risk associated with it."
30,30,All members agreed that the FOMC statement for this meeting should again indicate that policy accommodation could be removed at a pace that was likely to be measured but that the Committee would respond to changes in economic prospects as needed to maintain price stability.,"This sentence is hawkish because it suggests a potential tightening of monetary policy, with the FOMC indicating a possible removal of policy accommodation, which typically means increasing interest rates or reducing money supply to combat inflation."
31,31,"As students of economics, you may already know that the Federal Reserve conducts monetary policy to support a strong and stable economy in the United States.","This sentence is neutral because it simply states a fact about the Federal Reserve's role in conducting monetary policy, without expressing any personal opinion, judgment, or bias towards the effectiveness or appropriateness of such policy."
32,32,Nonfarm payroll employment continued to expand through July and the civilian unemployment rate was unchanged at 4.,"This sentence is hawkish because it indicates a strong labor market with steady employment growth and low unemployment, which could lead to inflationary pressures and therefore, a tighter monetary policy."
33,33,"In the context of this discussion, many participants commented that their view of potential output growth was somewhat more optimistic than that of the staff.","This sentence is hawkish because it suggests that the participants believe the economy can grow at a faster rate without causing inflation, implying they may support higher interest rates to prevent overheating."
34,34,"A few members expressed interest in using language specifying a period of time during which the federal funds rate was expected to remain exceptionally low, rather than a calendar date, arguing that such language might be better to indicate a constant stance of monetary policy over time.","This sentence is dovish because it suggests a preference for keeping interest rates low for an extended period of time, a policy approach typically associated with stimulating economic growth and reducing unemployment."
35,35,"While overall employment conditions, the buildup of household net worth, and access to financing would bolster consumer expendi- tures, members also cited a number of limiting factors.",This sentence is neutral because it presents both positive and negative aspects of the US monetary policy without showing a preference or bias towards either side. It simply states facts without expressing approval or disapproval.
36,36,"So, up until the first week of October 2021, the story of high inflation being temporary was holding up, and the labor market improvements had slowed but were continuing.","This sentence is neutral because it simply presents factual information about the state of inflation and the labor market without expressing any personal opinion, bias, or suggestion for future monetary policy."
37,37,"Policy tightening started last year, as emerging markets including Mexico and Brazil increased rates substantially amid expectations of accelerating inflation.","This sentence is hawkish because it refers to a policy of increasing interest rates, a strategy typically employed to curb inflation, indicating a more aggressive stance on monetary policy."
38,38,But the cumulative force of recent developments appears likely to yield a slowing in the pace of growth next year.,"This sentence is dovish because it suggests a potential slowdown in economic growth, which often leads to lower interest rates or other accommodative monetary policies to stimulate the economy."
39,39,The staff interpreted the increases in prices of energy and nonmarket services that recently boosted consumer price inflation as largely transitory.,"This sentence is neutral because it simply reports on a factual occurrence (increases in prices of energy and nonmarket services) without expressing any judgment, approval, or disapproval of US monetary policy."
40,40,"Although in a number of sectors of the economy the imbalances between demand and supplyâ€”including labor supplyâ€”are substantial, I do continue to judge that these imbalances are likely to dissipate over time as the labor market and global supply chains eventually adjust and, importantly, do so without putting persistent upward pressure on price inflation, wage gains adjusted for productivity, and the 2 percent longer-run inflation objective.","This sentence is neutral because it neither criticizes nor praises US monetary policy. Instead, it objectively describes the current economic situation and predicts future trends without expressing a positive or negative opinion."
41,41,"Thus, avoiding a further substantial fall in inflation should be a priority of monetary policy.","This sentence is dovish because it prioritizes preventing a decrease in inflation, suggesting a preference for lower interest rates and an expansionary monetary policy."
42,42,"With crude oil prices expected to gradually decline from their current levels, the boost to retail food prices from the drought anticipated to be only temporary and comparatively small, long-run inflation expectations assumed to remain stable, and substantial resource slack persisting over the projection period, the staff continued to forecast that inflation would be subdued through 2014.","This sentence is neutral because it simply presents a factual prediction about inflation based on various economic factors, without expressing any personal opinion, approval, or disapproval of the US monetary policy."
43,43,"With about $250 billion of these inflation-protected securities now outstanding, we can get readings along the entire maturity structure of real interest rates.","This sentence is neutral because it simply states a fact about the current status of inflation-protected securities and their impact on understanding real interest rates, without expressing any judgment or opinion on US monetary policy."
44,44,"Moreover, not all measures of core inflation had accelerated; in particular, core PCE price inflation had been quite stable on a twelve-month basis for some time.","This sentence is hawkish because it suggests that inflation is under control and stable, implying that there may be room for the Federal Reserve to raise interest rates without risking an increase in inflation."
45,45,The pace of job gains slowed and the unemployment rate held steady.,This sentence is neutral because it simply states facts about the job market without expressing any opinion or judgement about US monetary policy.
46,46,Participants observed that both overall inflation and inflation for items other than food and energy remained near 2 percent on a 12-month basis.,"This sentence is neutral because it simply states a fact about the current state of inflation in the US without expressing any opinion, judgement, or suggesting any specific action regarding the monetary policy."
47,47,The slowdown would reflect factors that were expected to damp the growth of overall business investment spending and a greater saturation of potential computer markets that might lead to more emphasis on replacement demand rather than the further expansion of capacity.,"This sentence is dovish because it suggests a slowdown in economic growth and business investment, implying a need for lower interest rates to stimulate economic activity."
48,48,An easing of supply constraints was expected to support continued gains in economic activity and employment as well as a reduction in inflation.,"This sentence is neutral because it simply states an expected outcome of an easing of supply constraints on economic activity, employment, and inflation, without expressing any personal opinion or bias towards US monetary policy."
49,49,"However, with tightening resource constraints indicating unsustainable growth, only tentative signs that growth might be slowing, and various factors that had been damping prices now turning around, all the members agreed on the need for a slight tightening at this meeting to raise the odds on containing inflation and forestalling the inflationary imbalances that would undercut the very favorable performance of the economy.","This sentence is hawkish because it advocates for a tightening of monetary policy, specifically through raising interest rates, in order to contain inflation and maintain economic stability. This approach prioritizes inflation control over boosting economic growth."
50,50,"With regard to the nation as a whole, members noted that rising levels of employment and incomes were continuing to foster solid growth in consumer spending, a development that was abetted by the sharp increases that had occurred in household wealth as a consequence of the extended uptrend in stock market prices and to a lesser extent the appreciation of home prices.","This sentence is hawkish because it suggests that the economy is strong, with rising employment, incomes, and consumer spending, which could lead to inflation. Therefore, a tighter monetary policy might be needed to prevent overheating."
51,51,"Members who preferred to retain an asymmetrical directive agreed that, although there was little likelihood of a further policy change during the intermeeting period, such a directive was the best way to convey their concerns about the risks of rising inflation and the potential need for policy tightening over time.","This sentence is hawkish because it suggests a preference for policy tightening to combat the risks of rising inflation, a typical characteristic of a hawkish monetary policy stance."
52,52,"Regarding the economic outlook, most participants agreed that economic growth was likely to remain moderate over coming quarters and then pick up gradually.","This sentence is neutral because it does not express a positive or negative opinion about US monetary policy, but simply reports on the consensus of most participants about the expected economic growth."
53,53,"One of the things we’ve learned from our financial crisis and from a series of financial crises in history and around the globe is that, very commonly, when the economy takes a hit and falls into a recession, that productivity doesn’t pick up to pre-recession levels and that there looks like there is a permanent hit to the path of potential output for the economy, which is called “hysteresis.” And I raised the question as to whether or not this might operate in the opposite direction as well.","This sentence is neutral because it does not express an opinion or take a stance on US monetary policy. Instead, it presents a factual observation about the impact of financial crises on economic productivity and potential output, and raises a question for further consideration."
54,54,If you lay the crosscurrents on top of that—concerns about global growth and trade developments—you have the full picture.,"This sentence is neutral because it does not express any personal opinion, judgement, or bias towards US monetary policy. It simply presents a factual statement about the factors influencing the policy."
55,55,"With today's action, the real federal funds rate--measured as the difference between the nominal funds rate and a moving average of core PCE inflation--would move slightly into positive territory.","This sentence is hawkish because it suggests an increase in the federal funds rate, which is a tool used by central banks to tighten monetary policy, often to combat inflation or overheating in the economy."
56,56,"Despite a recent uptick in consumer prices, year-over-year consumer inflation remained at a very low level.","This sentence is dovish because it suggests that despite a slight increase in consumer prices, the overall inflation rate remains low, implying that there is no urgent need to raise interest rates to curb inflation."
57,57,"Also, the recent evidence could be interpreted as indicating that the surprisingly sharp decline in measured inflation in 2003 exaggerated the drop in the underlying rate of inflation.","This sentence is dovish because it suggests that the decline in inflation in 2003 was overstated, implying that there is less need for restrictive monetary policy measures such as interest rate hikes to curb inflation."
58,58,This change has led many governments to be more willing to adopt institutional changes to improve central bank governance that have bolstered central bank credibility for maintaining low inflation.,"This sentence is hawkish because it suggests a focus on maintaining low inflation, a key goal of hawkish monetary policy, through improving central bank governance and credibility."
59,59,"Looking ahead, reports from retailer contacts were somewhat mixed; many anticipated relatively depressed holiday sales and where possible were making efforts to limit buildups of holiday merchandise, while other retailers were confident that sales would be reasonably well maintained, albeit generally somewhat below levels or growth rates experienced in previous holiday seasons.","This sentence is neutral because it presents both positive and negative perspectives on the future of retail sales without favoring one over the other, thus not expressing a clear stance on US monetary policy."
60,60,"If we think that the potential growth rate of the economy is somewhere between, somewhere around 1.75 percent, 2.8 percent is strong economic growth.","This sentence is dovish because it suggests a lower threshold for strong economic growth, implying a preference for lower interest rates to stimulate economic activity."
61,61,Homebuilding was forecast to decline somewhat but to stabilize at a relatively high level in the context of continued income growth and the generally favorable cash-flow affordability of home ownership.,This sentence is neutral because it does not express a positive or negative opinion about US monetary policy. It simply presents a factual prediction about homebuilding trends without attributing them to any specific policy or action.
62,62,Several participants stated that such risks should not inhibit the Committee from pursuing its mandated objectives for inflation and employment.,This sentence is neutral because it simply reports the views of several participants without expressing agreement or disagreement with their stance on US monetary policy.
63,63,Proponents of this strategy sometimes describe this approach as reducing inflation cycle-to-cycle or describe the economy as being one recession from price stability.,"This sentence is hawkish because it suggests a preference for tighter monetary policy to control inflation and achieve price stability, even at the risk of inducing a recession."
64,64,Risks to the inflation projection also were seen as balanced.,"This sentence is neutral because it does not express a positive or negative opinion about US monetary policy, but simply states that the risks to the inflation projection are balanced."
65,65,"This direction of causality may obscure the negative relationship, running from higher inflation to lower growth, presumed to hold in the longer term.","This sentence is hawkish because it suggests a belief that higher inflation leads to lower economic growth in the long term, implying a preference for tighter monetary policy to control inflation."
66,66,"In the textbook world of Mundell-Fleming, unanticipated monetary ease leads to lower interest rates, a drop in the home currency's value, and a stimulus to net exports.","This sentence is dovish because it supports the idea of monetary easing, which involves lowering interest rates to stimulate economic growth, a typical characteristic of a dovish monetary policy stance."
67,67,"The Committee again anticipated that it likely would be appropriate to maintain the current target range for the federal funds rate for a considerable time after the asset purchase program ends, especially if projected inflation continued to run below the Committee's 2 percent longer-run goal, and provided that longer-term inflation expectations remained well anchored.","This sentence is dovish because it suggests the Committee plans to keep interest rates low for a considerable time, indicating a preference for stimulating economic growth over controlling inflation."
68,68,"Staff Economic Outlook In the economic forecast prepared by the staff for the June FOMC meeting, real GDP growth in the second half of this year was expected to step up from its pace in the first half.","This sentence is hawkish because it predicts an increase in real GDP growth, suggesting a strong economy. This could lead to tighter monetary policy, including higher interest rates, to prevent overheating and inflation, which is a characteristic of a hawkish stance."
69,69,"That said, the data also indicate that a surge in COVID-19 cases in the summer and supply-chain bottlenecks held back economic activity in the third quarter.","This sentence is dovish because it suggests that economic activity has been negatively impacted by external factors (COVID-19 surge and supply-chain issues), implying a need for continued monetary support or lower interest rates to stimulate the economy."
70,70,"Eventually, financial markets may develop the instruments and associated analytical techniques for unearthing these implicit changes in the price level with some precision.",This sentence is neutral because it does not express any opinion or judgement about US monetary policy. It simply discusses a potential future development in financial markets.
71,71,"In May, there was a notable rebound in employment and decline in unemployment, and these developments are certainly welcome.","This sentence is hawkish because it suggests a positive outlook on the economy, which could lead to tighter monetary policy, such as higher interest rates, to prevent overheating and control inflation."
72,72,"These inferences are supported by some empirical evidence.10 On the other hand, the increased liquidity of home equity may lead consumer spending to respond more than in past years to changes in the values of their homes; some evidence does suggest that the correlation of consumption and house prices is higher in countries, like the United States, that have more sophisticated mortgage markets (Calza, Monacelli, and Stracca, 2007).","This sentence is neutral because it presents empirical evidence supporting two different perspectives without favoring one over the other, thus maintaining an unbiased stance on the impact of US monetary policy."
73,73,"Finally, while my assessment of maximum employment incorporates a wide range of indicators to assess the state of the labor marketâ€”including indicators of labor compensation, productivity, and price-cost markupsâ€”the employment data I look at, such as the Kansas City Fed's Labor Market Conditions Indicators, are historically highly correlated with the unemployment rate.9 My expectation today is that the labor market by the end of 2022 will have reached my assessment of maximum employment if the unemployment rate has declined by then to the SEP median of modal projections of 3.8 percent.","This sentence is neutral because it does not express an opinion or judgement about US monetary policy. Instead, it provides an objective analysis of labor market indicators and unemployment rate projections."
74,74,"A variety of indicators, along with anecdotal reports, suggested that employment was expanding at a fairly good pace and labor compensation was rising moderately.","This sentence is hawkish because it suggests a strong economy with increasing employment and wages, which could lead to inflation. In response, policymakers may raise interest rates to prevent the economy from overheating."
75,75,"In addition, at every policy meeting, each member of the MPC is operating with the same information from the staff, and before the quarterly meetings that precede an Inflation Report, the members have sat through a number of discussions covering all aspects of the forecast.","This sentence is neutral because it simply describes the process of policy meetings without expressing any opinion or judgement about US monetary policy, its effectiveness, or its members."
76,76,"As a policymaker, I'd like to think that well-executed monetary and fiscal policies--each focused importantly on their respective long-run goals--played some role in creating economic conditions that fostered noninflationary economic growth.","This sentence is neutral because it does not express a positive or negative opinion about US monetary policy, but rather discusses the potential impact of well-executed policies on economic growth."
77,77,"Inflation is a significant challenge for everyone, but it hits lower- and moderate-income people the hardest, since they spend a larger share of their incomes on necessities and often have less savings to fall back on.","This sentence is hawkish because it emphasizes the negative impact of inflation, suggesting a need for tighter monetary policy to control rising prices, which is a characteristic of a hawkish stance."
78,78,"We’re charged by Congress with trying to pursue maximum employment, and we have taken that very seriously.","This sentence is dovish because it emphasizes the focus on maximum employment, suggesting a preference for lower interest rates to stimulate job growth, a typical characteristic of a dovish monetary policy stance."
79,79,"In response to the resulting high inflation, the Fed was obliged to raise interest rates, and the economy weakened.","This sentence is hawkish because it suggests a preference for higher interest rates to combat inflation, even at the risk of weakening the economy. This is a characteristic of a hawkish monetary policy stance."
80,80,"But again, our basic forecast is one which is basically, as was pointed out earlier by Mr. Hilsenrath, a moderately optimistic forecast, where growth picks up as we pass through this period of fiscal restraint; where unemployment continues to fall at a gradual pace as it has been since last September—and we have made some progress since last September; and inflation rises slowly towards 2 percent.","This sentence is hawkish because it predicts economic growth, falling unemployment, and a gradual rise in inflation, all of which suggest a tightening of monetary policy to prevent the economy from overheating."
81,81,The ebbing of stimulus from last year's tax cuts also could tend to slow growth in consumer spending.,"This sentence is dovish because it suggests a potential slowdown in economic growth, which could lead to a more cautious or accommodative monetary policy, such as lower interest rates, to stimulate spending and growth."
82,82,Most FOMC participants anticipate that inflation will gradually move up to the FOMC's 2 percent target over coming years.,"This sentence is dovish because it suggests that the FOMC participants expect a slow and gradual increase in inflation, implying a slower pace of interest rate hikes, which is characteristic of a dovish monetary policy stance."
83,83,"Stock prices and existing home sales are somewhat correlated, a not altogether unexpected result, because each is affected by interest rates and presumably the gains from each help finance the other.","This sentence is neutral because it simply states a factual observation about the correlation between stock prices and home sales, and their relationship with interest rates, without expressing any judgment or opinion on US monetary policy."
84,84,Several saw that outlook as depending importantly on continued strengthening of the labor market or on an above-trend pace of economic activity.,"This sentence is neutral because it does not express a positive or negative opinion about US monetary policy. Instead, it simply states a fact about some people's views on the factors that could influence the economic outlook."
85,85,"M3 growth slowed less than that of M2 in November, in part because of stepped-up issuance of large time deposits as banks reduced their reliance on funding from overseas offices.","This sentence is hawkish because it suggests a tightening of monetary policy. The slowed growth of M3 and M2, along with the increased issuance of large time deposits, indicates a reduction in the money supply, a common hawkish strategy to combat inflation."
86,86,"When the Committee decides to begin to remove policy accommodation, it will take a balanced approach consistent with its longer-run goals of maximum employment and inflation of 2 percent.","This sentence is hawkish because it suggests a tightening of monetary policy, or ""removing policy accommodation,"" which typically involves increasing interest rates to control inflation, a common strategy of a hawkish stance."
87,87,"October 12, 2021 U.S. Economic Outlook and Monetary Policy Vice Chair Richard H. Clarida At the 2021 Institute of International Finance Annual Membership Meeting: Sustainable Economic Growth and Financial Stability in a Diverging, Decarbonizing, Digitizing, Indebted World, Washington, D.C. (via webcast) Share It is my pleasure to meet virtually with you today at the 2021 Institute of International Finance Annual Membership Meeting.1 I regret that we are not meeting in person, but I look forward, as always, to a conversation with my good friend and one-time colleague Tim Adams.","This sentence is neutral because it does not express any opinion, positive or negative, about US monetary policy. It merely states the speaker's participation in a meeting and his anticipation of a conversation with a colleague."
88,88,"Recent increases in house prices and equity prices were positives, but participants generally expected no more than moderate growth in consumer spending over the near term.","This sentence is neutral because it presents both positive and negative aspects of the current economic situation, without expressing a preference for a particular monetary policy. It simply reports on the state of the economy."
89,89,"Construction employment posted another large increase, probably owing in part to hurricane-related activity.",This sentence is neutral because it simply states a fact about construction employment without expressing any judgment or opinion about US monetary policy.
90,90,"Also, in the view of a number of participants, the economy was possibly producing in the neighborhood of its potential, and the persistent strength in spending of late suggested that resource markets could tighten further and inflation pressures build.","This sentence is hawkish because it suggests that the economy is operating at its potential and there is a risk of inflation increasing due to strong spending and tightening resource markets, implying a need for higher interest rates to prevent overheating."
91,91,"With gross retail margins amounting to about 30 percent of sales, a reduction in currently elevated margins could make an important contribution to reduced inflation pressures in consumer goods.","This sentence is hawkish because it suggests a preference for measures that could reduce inflation, such as decreasing retail margins. A hawkish stance typically favors higher interest rates to keep inflation in check."
92,92,"Because there is considerable uncertainty about the persistence, breadth, and magnitude of climate-related shocks to the economy, it could be challenging to assess what adjustments to monetary policy are likely to be most effective at keeping the economy operating at potential with maximum employment and price stability.8 We need only look back to the oil price shocks of the 1970s and 1980s to see how difficult it was for monetary policymakers to assess accurately the likely persistence of the effects on inflation and output and the appropriate response.","This sentence is neutral because it does not advocate for a specific monetary policy or criticize current policies. Instead, it acknowledges the complexity and uncertainty involved in making adjustments to monetary policy in response to climate-related economic shocks."
93,93,"In keeping with its usual procedures under the Humphrey-Hawkins Act, the Committee would review its ranges at midyear, or sooner if interim conditions warranted, in light of the growth and velocity behavior of the aggregates and ongoing economic and financial developments.","This sentence is neutral because it simply describes a process or procedure that the Committee would follow, without expressing any opinion, judgment, or bias about US monetary policy."
94,94,"With the boost from these factors fading, real GDP growth was projected to step down noticeably in 2023 and to be roughly equal to potential output growth in 2023 and 2024.",This sentence is neutral because it simply presents a projection of future economic conditions without expressing any judgment or opinion on the effectiveness or appropriateness of current US monetary policy.
95,95,"This assessment will take into account a wide range of information, including measures of labor market conditions, indicators of inflation pressures and inflation expectations, and readings on financial and international developments.","This sentence is neutral because it does not express any opinion, favor, or criticism towards US monetary policy. It simply states the factors that will be considered in the assessment."
96,96,"One participant suggested that the Committee could announce an additional, lower set of thresholds for inflation and unemployment; another indicated that the Committee could provide guidance stating that it would not raise its target for the federal funds rate if the inflation rate was expected to run below a given level at a specific horizon.","This sentence is neutral because it simply reports different suggestions made by participants about US monetary policy, without expressing any personal opinion, endorsement, or criticism towards these suggestions."
97,97,"Much of the current spending for equipment and software reportedly represented replacement demand largely associated with the short useful lives of various types of equipment, and there appeared to be little spending that would entail capital deepening.","This sentence is neutral because it simply presents factual information about the current state of spending for equipment and software without expressing any personal opinion, judgment, or bias towards US monetary policy."
98,98,"The changes to the policy statement that we made over the past few FOMC meetings bring our policy guidance in line with the new framework outlined in the revised Statement on Longer-Run Goals and Monetary Policy Strategy that the Committee approved last August.4 In our new framework, we acknowledge that policy decisions going forward will be based on the FOMC's estimates of ""shortfalls [emphasis added] of employment from its maximum level""â€”not ""deviations.""","This sentence is dovish because it indicates a shift in policy towards prioritizing employment levels over inflation control, suggesting a more accommodative monetary policy stance."
99,99,"Their key finding, illustrated in figure 3, is that Federal Reserve policy rate surprises attributed to stronger U.S. growth generally have only moderate spillovers to EM financial conditions, whereas U.S. policy rate changes attributed to U.S. inflationary pressures trigger more substantial spillovers to EM financial conditions.","This sentence is neutral because it simply presents research findings about the impact of US monetary policy on emerging markets without expressing any personal opinion, endorsement, or criticism of the policy."
100,100,"In the 1988-90 period, the behavior of crude oil prices, unemployment, and the exchange rate were not especially surprising or anomalous.",This sentence is neutral because it simply states facts about the economic conditions during a specific period without expressing any judgment or opinion about US monetary policy.
101,101,"As its name implies, this rule does not prescribe a particular level of the federal funds rate at a given time but rather how the existing rate should change from quarter to quarter based on two gaps--the difference between inflation and its desired level as well as the difference between the unemployment rate and its longer-run normal level.20 In contrast to the other two rules, the change rule does not take a stand on the value of the longer-run neutral level of the real federal funds rate, thus avoiding a potential source of error.","This sentence is neutral because it simply describes how a specific rule functions in relation to US monetary policy, without expressing any judgment, approval, or disapproval of the policy or its effects."
102,102,"It was generally agreed that developments relating to energy would continue to exert upward pressure on prices over the near term, including the passthrough or indirect effects of higher oil prices on core measures of inflation.","This sentence is hawkish because it suggests an expectation of rising inflation due to energy developments and higher oil prices, which could lead to tighter monetary policy to control inflation."
103,103,"Inflation compensation for 2007 declined modestly, perhaps reflecting the further drop in spot energy prices, but was largely unchanged at longer maturities.","This sentence is neutral because it simply presents factual information about inflation compensation and energy prices in 2007 without expressing any personal opinion, judgement, or bias towards US monetary policy."
104,104,"We are quite aware that very low interest rates, particularly for a protracted period, do have costs for a lot of people.","This sentence is hawkish because it suggests a concern about the negative impacts of low interest rates, implying a preference for higher rates, which is a characteristic of a hawkish monetary policy stance."
105,105,But I have seen little direct evidence on the extent to which globalization may have boosted aggregate productivity growth in the United States in recent years.,"This sentence is neutral because it neither supports nor criticizes US monetary policy, but simply states a lack of direct evidence regarding the impact of globalization on US productivity growth."
106,106,The central tendency of the unemployment rate projections is slightly lower than in the March projections and now stands at 6.0 to 6.1 percent at the end of this year.,"This sentence is dovish because it suggests a preference for lower unemployment rates, even at the risk of higher inflation, indicating a more expansionary or accommodative monetary policy stance."
107,107,The staff viewed the extent of uncertainty around its June projections for real GDP growth and the unemployment rate as roughly in line with the average over the past 20 years.,"This sentence is neutral because it simply presents a factual observation about the uncertainty of economic projections, without expressing any judgment, approval, or disapproval of US monetary policy."
108,108,"Operationally, maintaining price stability requires abiding by the Taylor principle of raising nominal interest rates more than one for one in response to movements in inflation, especially those movements perceived as persistent.","This sentence is neutral because it simply explains a principle of monetary policy without expressing any personal opinion, endorsement, or criticism of the policy or its outcomes. It is purely informative and factual."
109,109,"In December 1996, before my time at the Board, John Campbell of Harvard and Robert Shiller of Yale made a presentation at the Fed, in which they used dividend-price ratios and related measures to argue that the stock market was overvalued.","This sentence is neutral because it simply recounts a historical event and the arguments made by two economists, without expressing any personal opinion or bias towards US monetary policy."
110,110,Another clear attempt at political interference emerged in February 1988 when an undersecretary of the Treasury sent a letter to Federal Reserve officials urging them to ease monetary policy.,This sentence is neutral because it simply states a historical fact about an event related to US monetary policy without expressing any personal opinion or bias towards the event.
111,111,"However, with longer-term interest rates already very low, there did not appear to be a need for enhanced forward guidance at this juncture or much scope for forward guidance to put additional downward pressure on yields.",This sentence is neutral because it neither supports nor criticizes the US monetary policy. It simply states a fact about the current situation of long-term interest rates and the potential impact of forward guidance.
112,112,"But also we want to see inflation move up back to our 2 percent objective over the medium term, and so seeing above-trend growth and continuing tightness—greater tightness in labor and product markets—I think that will help us achieve our objective as well with respect to inflation.","This sentence is dovish because it suggests a willingness to tolerate higher inflation and above-trend growth, indicating a preference for looser monetary policy to stimulate economic activity."
113,113,"So I, you know, I’m—I feel quite comfortable that we can—in particular, that we can raise interest rates at the appropriate time, even if the balance sheet remains large for an extended period.","This sentence is hawkish because it suggests a willingness to raise interest rates, a strategy typically employed to curb inflation and slow economic growth, even if the balance sheet remains large, indicating a more aggressive stance on monetary policy."
114,114,"Given the pressure of a considerable amount of unused resources, any adverse developments that held down economic expansion would increase the probability of further disinflation.","This sentence is dovish because it suggests a preference for policies that stimulate economic growth and combat disinflation, typically through lower interest rates, even in the face of unused resources."
115,115,"Put another way, the FOMC could have ""preemptively"" tightened monetary policy, based on forecasts, but recognizing the uncertainties about empirical relationships chose not to do so.",This sentence is neutral because it simply presents a hypothetical scenario about the FOMC's decision on monetary policy without expressing any judgment or personal opinion on whether this decision was right or wrong.
116,116,These participants concluded that the Committee should wait to take another step in removing accommodation until the data on economic activity provided a greater level of confidence that economic growth was strong enough to withstand a possible downward shock to demand.,"This sentence is dovish because it suggests a preference for maintaining lower interest rates until there is stronger evidence of economic growth, reflecting a cautious approach to tightening monetary policy."
117,117,"To this end, the new statement conveys the Committee's judgment that, in order to anchor expectations at the 2 percent level consistent with price stability, it ""seeks to achieve inflation that averages 2 percent over time,"" andâ€”in the same sentenceâ€”that therefore ""following periods when inflation has been running persistently below 2 percent, appropriate monetary policy will likely aim to achieve inflation moderately above 2 percent for some time.""","This sentence is dovish because it suggests a willingness to allow inflation to run above the target level of 2% for a period of time, implying a more accommodative monetary policy stance."
118,118,Members agreed to continue to monitor inflation developments closely.,"This sentence is neutral because it does not express any opinion, judgement, or bias about US monetary policy. It simply states that members will continue to observe inflation developments, without suggesting any specific action or stance."
119,119,"In contrast, M3 growth slowed considerably in April after a robust March advance.","This sentence is neutral because it simply presents factual information about the changes in M3 growth without expressing any personal opinion, judgement, or bias towards US monetary policy."
120,120,"So tonight, I would like to take a few minutes to put this action in the broad context of the Fed’s mandate to promote the stable financial environment that will encourage economic growth.","This sentence is hawkish because it suggests a focus on promoting a stable financial environment, which often implies tightening monetary policy to prevent inflation, rather than prioritizing economic growth."
121,121,The unemployment rate was 3.5 percent in February and has been at or near half-century lows for almost two years.,"This sentence is neutral because it simply states factual information about the unemployment rate without expressing any opinion, judgement, or bias towards US monetary policy."
122,122,"What they have had is low unemployment, lots of social problems.",This sentence is neutral because it does not express any positive or negative opinion about US monetary policy. It merely states facts about unemployment and social problems without attributing them to any specific policy.
123,123,This is a tangible recent example of the need both to judge how the equilibrium real interest rate that is relevant for policy might have changed from a perceived long-run level and to set policy against the background of such an understanding.,"This sentence is neutral because it does not express any personal opinion, bias, or favoritism towards any particular monetary policy. It simply states the necessity of understanding and adjusting to changes in the equilibrium real interest rate for policy setting."
124,124,"In contrast, changes in inflation rates in some services categories, such as shelter costs, tend to be more persistent.","This sentence is neutral because it simply presents a factual observation about the behavior of inflation rates in certain service categories, without expressing any judgment or opinion on US monetary policy."
125,125,"Well, if the economy worsens and inflation remains relatively low, then we wouldn’t begin to exit, and, therefore, we wouldn’t change the language.","This sentence is dovish because it suggests a preference for maintaining low interest rates and continuing monetary stimulus, even in the face of a worsening economy, as long as inflation remains low."
126,126,"Over time, spot prices are inexorably drawn back to the long-term equilibrium price, as the balance between underlying supply and demand is restored.","This sentence is neutral because it does not express any opinion or judgement about US monetary policy. Instead, it simply describes a general economic principle about the relationship between supply, demand, and price."
127,127,"It was noted, however, that increases in compensation that exceeded productivity gains might be absorbed to some extent by a narrowing of firms’ high profit margins.","This sentence is hawkish because it suggests a potential increase in inflation (through increased compensation exceeding productivity gains) which could lead to tighter monetary policy to control inflation, a typical hawkish stance."
128,128,"Second, the correction in equity prices points to a downward revision to consumer spending and to business fixed investment and residential construction as well.","This sentence is dovish because it suggests a negative outlook on the economy, implying a need for lower interest rates or other expansionary monetary policies to stimulate consumer spending and investment."
129,129,"With energy price increases expected to slow next year, total PCE inflation was seen as likely to fall back in line with core inflation by the end of 2011, as in previous projections.","This sentence is neutral because it simply presents a prediction about inflation based on expected energy price trends, without expressing any judgment or opinion about US monetary policy."
130,130,"Broad stock price indexes rose, on net, over the intermeeting period, boosted in part by favorable earnings reports from the retail sector.",This sentence is neutral because it simply reports factual information about stock price indexes and earnings reports without expressing any opinion or judgment about US monetary policy.
131,131,"If we don’t see the improvement that’s projected in the baseline outlook, that the June 18, 2014 opposite would be true and the pace of the timing and pace of interest rate increases would be Chair Yellen’s Press Conference FINAL later and more gradual.","This sentence is neutral because it does not express a personal opinion or bias towards US monetary policy. Instead, it simply states a potential outcome based on certain conditions, without advocating for or against it."
132,132,"Some members expressed a concern that in this context any further adverse shocks could have disproportionate effects, resulting in a significant slowing in growth going forward.","This sentence is dovish because it suggests a preference for maintaining lower interest rates to avoid potential negative impacts on economic growth, which is a characteristic of a dovish monetary policy stance."
133,133,"Spreads on risky private-sector debt reached very low levels, and damaging spillovers to the nonfinancial sector occurred in the form of unduly high real estate prices and excessive leverage by borrowers in the housing market.","This sentence is hawkish because it suggests a tightening of monetary policy is needed to prevent excessive risk-taking and financial instability, such as overpriced real estate and high levels of borrowing."
134,134,"Ensuring that every American has the chance to improve his or her economic circumstances through hard work, saving, entrepreneurship, and other productive activities is essential for building healthy communities and achieving sustainable economic growth.","This sentence is neutral because it does not express a specific opinion or favor any particular monetary policy. Instead, it emphasizes the importance of economic opportunity for all Americans, a principle that is generally agreed upon across different policy perspectives."
135,135,"In furtherance of these objectives, the Committee reaffirmed at its meeting in June the ranges it had established in February for growth of M2 and M3 of 1 to 5 percent and 2 to 6 percent respectively, measured from the fourth quarter of 1998 to the fourth quarter of 1999.","This sentence is neutral because it simply reports on the actions of the Committee without expressing any personal opinion, judgement, or bias about the effectiveness or appropriateness of the established growth ranges."
136,136,"Operating Strategies and the FOMC Meeting Now that we appreciate the challenging nature of monetary policy, we are ready to develop a strategy for implementing open market operations.","This sentence is neutral because it does not express any opinion, positive or negative, about US monetary policy. Instead, it simply discusses the process of developing a strategy for implementing open market operations."
137,137,"On the one hand, an inverted yield curve could indicate an increased risk of recession; on the other hand, the low level of term premiums in recent years--reflecting, in part, central bank asset purchases--could temper the reliability of the slope of the yield curve as an indicator of future economic activity.","This sentence is dovish because it suggests that despite potential signs of a recession (inverted yield curve), the impact of central bank actions (asset purchases) could mitigate these risks, implying a preference for maintaining lower interest rates."
138,138,"The Committee directs the Desk to purchase agency debt, agency MBS, and longer-term Treasury securities during the intermeeting period with the aim of providing support to private credit markets and economic activity.","This sentence is dovish because it suggests an expansionary monetary policy, with the Committee directing purchases of debt and securities to stimulate economic activity and support private credit markets."
139,139,But is it really true that prices are more responsive to productivity than wages?,"This sentence is neutral because it does not express a positive or negative opinion about US monetary policy. Instead, it poses a question about the relationship between prices, productivity, and wages, without advocating for a specific policy or viewpoint."
140,140,"In the household sector, the rise in home mortgage debt likely slowed a bit further in the first quarter, as home-price appreciation appeared to have remained sluggish.","This sentence is neutral because it simply presents factual information about the household sector, home mortgage debt, and home-price appreciation without expressing any personal opinion, judgment, or bias towards US monetary policy."
141,141,"In the past, a reasonable goal might have been to maintain a zero deficit in our on-budget accounts--those accounts that exclude the Social Security and Medicare surplus--and to begin a serious discussion of reforms to Social Security and Medicare to bring them closer into actuarial balance.","This sentence is neutral because it simply states a historical perspective on a potential goal and suggests a discussion about reforms, without expressing any personal opinion or bias towards US monetary policy."
142,142,"These members indicated that the economic outlook remained positive and that they anticipated, under an unchanged policy stance, continued strong labor market conditions and solid growth in activity, with inflation gradually moving up to the Committee's 2 percent objective.","This sentence is neutral because it simply reports on the members' positive economic outlook and expectations under the current policy, without expressing any personal opinion, endorsement, or criticism of the US monetary policy."
143,143,Some participants judged that a less accommodative future stance of policy would likely be warranted and that the Committee should convey a strong commitment to address elevated inflation pressures.,"This sentence is hawkish because it suggests a preference for tighter monetary policy, including potential interest rate hikes, to combat inflation, rather than a more accommodative policy that would stimulate economic growth."
144,144,"However, it is not yet clear how high we will need to raise the federal funds rate and how much time will pass before we begin to see inflation moving back down in a consistent and lasting way.","This sentence is hawkish because it suggests an inclination towards increasing the federal funds rate, a move typically associated with reducing inflation and slowing economic activity, which are key characteristics of a hawkish monetary policy stance."
145,145,And—but inflation expectations did not move strongly down here in the United States.,"This sentence is hawkish because it suggests that inflation is not expected to decrease significantly, implying a potential need for tighter monetary policy to prevent the economy from overheating."
146,146,But there’s also a role for monetary policy.,"This sentence is neutral because it simply states that monetary policy has a role, without expressing any positive or negative opinion about its effectiveness, appropriateness, or implementation in the US."
147,147,"So, as I mentioned, we’re going to be looking at all of those things: activity, labor market, inflation.","This sentence is neutral because it does not express any opinion, judgement, or bias towards US monetary policy. It simply states that various economic indicators will be examined."
148,148,"The corresponding depreciation in other countries currencies will result in a gradual increase in the foreign currency price of U.S. exports, compared to the prices of foreign produced goods.","This sentence is dovish because it suggests a preference for policies that weaken the U.S. dollar to boost exports, typically associated with lower interest rates and increased money supply."
149,149,"It was to do with, you know, strong monetary policy and fiscal stimulus into an economy that was recovering rapidly, and in which there were these supply-side barriers which effectively led to, you know, in certain parts of the economy, what you might call a vertical supply curve.","This sentence is hawkish because it suggests a preference for strong monetary policy and fiscal stimulus, implying a tightening of monetary policy to combat potential inflation in a rapidly recovering economy with supply-side barriers."
150,150,"Inflation had been subdued, even though the prices of some key commodities had increased recently.",This sentence is neutral because it simply states facts about inflation and commodity prices without expressing any judgment or opinion on US monetary policy.
151,151,"However, I can provide you with some insight into the way the FOMC functions and the impact of monetary policy on the U.S. and global economies.","This sentence is neutral because it does not express any personal opinion, judgement, or bias towards the US monetary policy. It merely offers to provide information about the FOMC's operations and the effects of monetary policy."
152,152,"Still, most members projected that over the next couple of years, the unemployment rate would remain quite elevated and the level of inflation would remain below rates consistent over the longer run with the Federal Reserve's objectives.","This sentence is dovish because it suggests that the Federal Reserve will likely maintain low interest rates to stimulate economic growth, due to projected high unemployment and low inflation, which are conditions that typically warrant a more accommodative monetary policy."
153,153,"Depository institutions continued to bid aggressively for 28-day funds at the Term Auction Facility (TAF) during the intermeeting period, and demand for funds was strong at both of the 84-day TAF auctions.","This sentence is dovish because it suggests that financial institutions are actively seeking funds, indicating a potential need for increased liquidity and lower interest rates, which are key aspects of a dovish monetary policy stance."
154,154,"Expectations of price increases over the near-term--specifically, over the next year--have, in fact, risen noticeably on the heels of the actual increase in inflation.","This sentence is hawkish because it suggests an expectation of rising inflation, which typically leads to tighter monetary policy, including higher interest rates, to keep inflation in check."
155,155,"Monetary Policy With that outlook in mind, let me turn to monetary policy.","This sentence is neutral because it does not express any opinion, judgement, or bias towards US monetary policy. It simply indicates a shift in topic to discuss monetary policy."
156,156,"In the residential real estate sector, home sales and construction had increased from very low levels, and house prices appeared to be stabilizing.",This sentence is neutral because it simply states facts about the residential real estate sector without expressing any opinion or judgement on US monetary policy.
157,157,"A number of global factors were seen as contributing to downward pressure on term premiums, including central bank asset purchase programs and the strong worldwide demand for safe assets.","This sentence is hawkish because it suggests that there are factors pushing down term premiums, which could lead to tighter monetary policy. The strong demand for safe assets indicates a potential shift towards risk aversion, often associated with higher interest rates."
158,158,"In preparation for the Federal Reserve's semiannual report to the Congress on the economy and monetary policy, the members of the Board of Governors and the presidents of the Federal Reserve Banks submitted individual projections of the growth of GDP, the rate of unemployment, and core consumer price inflation for the years 2006 and 2007.","This sentence is neutral because it simply states a factual occurrence without expressing any opinion, judgement, or bias about the US monetary policy or the projections made by the Federal Reserve."
159,159,"With respect to this particular part of the District, Jack may discuss Florida's citrus crop, the relative health of the tourism industry, and trends in Florida real estate prices.","This sentence is neutral because it does not express any opinion, positive or negative, about US monetary policy. It simply states topics that Jack may discuss, without endorsing or criticizing any particular policy or approach."
160,160,"Prices, interest rates, stock prices, and other signals produced by market economies to encourage the distribution of productive resources have no inherent moral content.","This sentence is neutral because it does not express any judgment, opinion, or preference about US monetary policy. It simply states a fact about market economies without advocating for or against any particular policy."
161,161,"The events of the last two years come on top of a huge expansion of global trade, competition and productive capacity--all of which have given American businesses less control over prices in the face of rising costs and benefited American consumers through low prices.","This sentence is neutral because it simply states facts about the impact of global trade, competition, and productive capacity on American businesses and consumers, without expressing any judgment or opinion on US monetary policy."
162,162,"However, waiting was an acceptable alternative given the favorable economic news and the persisting uncertainties surrounding the relationship of output to prices.","This sentence is neutral because it neither supports nor criticizes the US monetary policy, but simply presents a balanced view of the situation, acknowledging both positive economic news and ongoing uncertainties."
163,163,"Inflation had been subdued of late, although the recent increase in crude oil and gasoline prices would push up inflation temporarily.","This sentence is neutral because it simply states facts about inflation and the impact of oil and gasoline prices without expressing any personal opinion, judgement, or advocating for any specific monetary policy."
164,164,"Indeed, CPI inflation does appear to have become more sensitive to import prices over time, both in the United States and in other OECD countries (Pain, Koske, and Sollie, 2006).3 Can domestic monetary policy still control domestic interest rates and so stabilize both inflation and output?","This sentence is neutral because it presents a factual observation about CPI inflation and import prices, and then poses a question about the effectiveness of domestic monetary policy, without expressing a personal opinion or bias."
165,165,"So, with this coronavirus arriving, we judged that the—the net effects of this will be to—to have inflation move down even a little bit more.","This sentence is dovish because it suggests a decrease in inflation due to the coronavirus, implying a potential need for lower interest rates or increased monetary stimulus to boost economic activity."
166,166,"And inflation is moving—moving up, I think, toward our 2 percent objective.","This sentence is dovish because it suggests that the speaker is not concerned about inflation rising, implying a preference for lower interest rates to stimulate economic growth, even at the risk of higher inflation."
167,167,"Higher interest rates are working to temper demand and bring it into better alignment with supply, which is still constrained.","This sentence is hawkish because it supports higher interest rates, a policy tool used to slow down economic activity and control inflation, indicating a more aggressive stance on monetary policy."
168,168,We need to remember that in decades past it was believed that monetary policy was most effective when it was least transparent.,"This sentence is neutral because it does not express a personal opinion or take a stance on the effectiveness of current US monetary policy, but rather presents a historical perspective."
169,169,Risk sentiment abroad fluctuated over the intermeeting period as market participants weighed increasing coronavirus cases in a number of countries against improving economic data releases and ongoing fiscal and monetary policy support.,"This sentence is neutral because it does not express a positive or negative opinion about US monetary policy. Instead, it simply describes the factors that market participants are considering, including the impact of coronavirus cases and economic data on fiscal and monetary policy."
170,170,"The release this year and last of mortgage price data gathered under the Home Mortgage Disclosure Act (HMDA) has highlighted a different, but potentially related, concern about access to credit on equal terms.","This sentence is neutral because it simply states a fact about the release of mortgage price data and its potential implications, without expressing any personal opinion or bias towards US monetary policy."
171,171,"The guidance on asset purchases, introduced in December, commits us to increasing our holdings of securities at least at the current pace until substantial further progress has been made toward the Committee's maximum-employment and price-stability goals.","This sentence is dovish because it indicates a commitment to continue expanding the money supply, through asset purchases, until employment and inflation targets are met, suggesting a focus on stimulating economic growth over controlling inflation."
172,172,"However, it was noted that slower growth in productivity might have become the norm.","This sentence is neutral because it does not express a positive or negative opinion about US monetary policy, but merely states a possible observation about productivity growth."
173,173,"Nevertheless, the staff continued to forecast that real GDP growth would pick up only gradually in 2012 and 2013, supported by accommodative monetary policy, easing credit conditions, and improvements in consumer and business sentiment.","This sentence is dovish because it suggests a preference for lower interest rates to stimulate economic growth, indicated by the terms ""accommodative monetary policy"" and ""easing credit conditions""."
174,174,They also noted that even with this additional firming the risks were still weighted mainly in the direction of rising inflationary pressures.,"This sentence is hawkish because it suggests a preference for tighter monetary policy, or ""additional firming,"" to combat the perceived main risk of rising inflationary pressures."
175,175,"While a constant rate of money growth will not always be optimal, if money demand is sufficiently stable, and not particularly interest sensitive, it will pin down inflation in the long run and help smooth the business cycle in the short run.","This sentence is dovish because it suggests a preference for stable money growth and low inflation, rather than aggressive interest rate hikes, to manage the economy. This approach typically characterizes a dovish monetary policy stance."
176,176,"Some participants suggested that the persistently high level of unemployment reflected the impact of structural factors, including mismatches between the skills of the unemployed and the skills demanded in sectors in which jobs were currently available.","This sentence is neutral because it doesn't express any judgment or opinion about US monetary policy. Instead, it simply reports on a viewpoint held by some participants about unemployment and structural factors."
177,177,"The growth of domestic nonfinancial debt slowed in October (latest data), reflecting a larger further paydown of federal debt and a reduced pace of private borrowing.","This sentence is neutral because it simply presents factual information about the growth of domestic nonfinancial debt, federal debt paydown, and private borrowing pace without expressing any personal opinion, bias, or favor towards any particular monetary policy."
178,178,The Committee decided to keep the target range for the federal funds rate at 0 to 1/4 percent and expects it will be appropriate to maintain this target range until labor market conditions have reached levels consistent with the Committee's assessments of maximum employment and inflation has risen to 2 percent and is on track to moderately exceed 2 percent for some time.,"This sentence is dovish because it suggests the Committee plans to maintain low interest rates until employment and inflation targets are met, indicating a focus on economic stimulation over controlling inflation."
179,179,"The pickup in demand had yet to materially narrow currently wide margins of idle labor and other resources, and these margins along with the uncertainties that still surrounded current forecasts of robust economic growth suggested that an accommodative monetary policy might remain desirable for a considerable period of time.","This sentence is dovish because it suggests that despite increased demand, there is still significant economic slack and uncertainty, implying that a more accommodative, or less aggressive, monetary policy may be needed for a longer period."
180,180,"In terms of missing on inflation, policymakers' projections looked very much like most of the public's.","This sentence is neutral because it simply states a fact about the similarity between policymakers' projections and public opinion, without expressing any judgment or opinion on the effectiveness or appropriateness of US monetary policy."
181,181,"Committee Policy Action In their discussion of monetary policy for the period ahead, Committee members agreed that the stance of monetary policy should not be changed at this meeting.","This sentence is neutral because it does not express any opinion or bias towards the current US monetary policy, but simply states that the committee members agreed not to make any changes at this time."
182,182,"Scholars disagree somewhat about the extent to which policymakers of the time tried actively to take advantage of this supposed tradeoff, but these ideas likely provided part of the intellectual rationale that made the authorities willing to allow inflation to rise throughout the 1960s and in the early 1970s.","This sentence is neutral because it does not express a personal opinion or bias towards US monetary policy. Instead, it objectively presents different scholarly views and historical context about inflation in the 1960s and early 1970s."
183,183,The contemplated reserve conditions are expected to be consistent with considerable moderation in the growth in M2 and M3 over coming months.,This sentence is neutral because it simply states an expectation about future monetary conditions without expressing any judgment or opinion about whether this is good or bad.
184,184,"Maintaining low inflation rates reduces the levels of future uncertainties and, hence, increases the scope of investment opportunities.","This sentence is hawkish because it advocates for low inflation rates, which is typically achieved through tighter monetary policy, including higher interest rates, to prevent the economy from overheating."
185,185,"The staff raised slightly its projection for inflation during the second half of this year, as the upward pressure on consumer prices from earlier increases in import and commodity prices was expected to persist a little longer than previously anticipated.","This sentence is hawkish because it suggests an expectation of higher inflation, which often leads to tighter monetary policy, including higher interest rates, to control inflation and stabilize the economy."
186,186,The Decline in Long-Term Interest Rates and the Role of Monetary Policy One of the most remarkable and fundamental changes in the global financial landscape over the past three decades has been the steady and significant decline in global sovereign bond yields.,"This sentence is dovish because it highlights a decrease in long-term interest rates, which is a monetary policy strategy typically used to stimulate economic growth, a key characteristic of a dovish stance."
187,187,"Admittedly, some of the wage increases is being eaten away by inflation.","This sentence is hawkish because it suggests a concern about rising inflation, which could lead to tighter monetary policy, such as increasing interest rates, to control inflation."
188,188,"PCE core is at about 2, and I think we see that, you know, the temporary increase in headline inflation as being a function of oil prices probably, and we expect inflation to go back down to 2 percent.","This sentence is hawkish because it suggests that the speaker expects inflation to decrease back to 2 percent, implying a potential tightening of monetary policy to combat higher inflation."
189,189,"To a considerable extent, however, any uptick in inflation expectations likely represented a reversal of anticipated declines in inflation earlier this year when economic prospects had seemed weaker and survey data did not confirm any increase in long-term inflation expectations.","This sentence is neutral because it neither supports nor criticizes US monetary policy. Instead, it objectively describes a situation related to inflation expectations, without expressing any personal or biased viewpoint."
190,190,Several members reiterated that business spending was the critical factor that would govern to a substantial degree the timing and extent of the acceleration in overall economic activity.,This sentence is neutral because it does not express any opinion or judgement about US monetary policy. It simply reports on the views of several members about the role of business spending in economic activity.
191,191,"In addition, coming to grips now with the outsized projected growth in entitlement spending in the early years of the next century could have a profound effect on current expectations of stability.","This sentence is hawkish because it suggests a proactive approach to controlling projected growth in entitlement spending, implying a preference for tighter fiscal policy to maintain economic stability."
192,192,"This modal projection for the path of the unemployment rate is, according to the Atlanta Fed jobs calculator, consistent with a rebound in labor force participation to its estimated demographic trend and is also consistent with cumulative employment gains this year and next that, by the end of 2022, eliminate the 7 million ""employment gap"" relative to the previous cycle peak I mentioned earlier.5 As is the case for GDP growth and the unemployment rate, my projections for headline and core PCE (personal consumption expenditures) inflation are also similar to the paths of the SEP median of modal projections for these variables.","This sentence is neutral because it simply presents factual information and projections about the US monetary policy without expressing any personal opinion, approval, or disapproval. It is purely analytical and based on data, not personal bias or sentiment."
193,193,"Conclusion The United States productivity growth spurt, realized to a much lesser extent around the world, can be attributed largely to a combination of an investment boom and a technological revolution.","This sentence is dovish because it suggests that economic growth is driven by factors like investment and technology, implying a preference for low interest rates to stimulate such growth, rather than tightening monetary policy to control inflation."
194,194,This automatically pushes up domestic interest rates to support the currency.,"This sentence is hawkish because it suggests a tightening of monetary policy through the increase of domestic interest rates, a strategy often used to combat inflation or over-heating in the economy."
195,195,"The challenge is to set a strategy that respects this uncertainty, takes advantages of opportunities for better performance, while mitigating the risks of overtaxing the limits of sustainable production and growth.","This sentence is neutral because it does not express a positive or negative opinion about US monetary policy, but rather discusses the challenges and considerations involved in setting a strategy."
196,196,"A couple of participants noted that uncertainties concerning both the level of, and the source of shifts in, potential output made it difficult to base decisions about monetary policy on real-time measures of the output gap.","This sentence is neutral because it does not express a personal opinion or bias towards US monetary policy. Instead, it objectively reports on the challenges faced by some participants in making decisions about monetary policy due to uncertainties."
197,197,"In the labor market, about half of the 22 million jobs that were lost in the spring have been restored, and the unemployment rate has fallen since April by nearly 7 percentage points to 7.9 percent as of September.","This sentence is dovish because it highlights improvements in the labor market, suggesting that there may not be a need for aggressive monetary policy actions like interest rate hikes to curb inflation."
198,198,"So, there has been impact through lower interest rates, but I think more broadly is the indirect effects.","This sentence is dovish because it suggests a preference for lower interest rates, a policy typically associated with economic stimulus and a dovish stance on monetary policy."
199,199,"In spite of having such slow growth, disappointing productivity growth, we have a labor market that last year generated an average of about 230,000 jobs a month and so far this year has been generating about 180,000 jobs a month.","This sentence is hawkish because it suggests that despite economic challenges, the labor market is still strong, implying that there may be room for tighter monetary policy, such as interest rate hikes, without harming employment."
